{
  "transactions": [
    {
      "id": 1,
      "date": "2025-08-01",
      "user": "Ivan Petrov",
      "email": "ivan.petrov@example.com",
      "currentAmount": 200,
      "mustPaid": 200,
      "status": "paid",
      "method": "credit_card",
      "paymentData": [
        {
          "date": "2025-08-01",
          "amount": 200
        }
      ]
    },
    {
      "id": 2,
      "date": "2025-08-03",
      "user": "Maria Dimitrova",
      "email": "maria.dimitrova@example.com",
      "currentAmount": 150,
      "mustPaid": 200,
      "status": "pending",
      "method": "paypal",
      "paymentData": [
        {
          "date": null,
          "amount": 0
        }
      ]
    },
    {
      "id": 3,
      "date": "2025-08-05",
      "user": "Georgi Ivanov",
      "email": "georgi.ivanov@example.com",
      "currentAmount": 300,
      "mustPaid": 300,
      "status": "paid",
      "method": "bank_transfer",
      "paymentData": [
        {
          "date": "2025-08-05",
          "amount": 300
        }
      ]
    },
    {
      "id": 4,
      "date": "2025-08-08",
      "user": "Elena Stoyanova",
      "email": "elena.stoyanova@example.com",
      "currentAmount": 0,
      "mustPaid": 250,
      "status": "failed",
      "method": "credit_card",
      "paymentData": [
        {
          "date": null,
          "amount": 0
        }
      ]
    },
    {
      "id": 5,
      "date": "2025-08-10",
      "user": "Petar Kolev",
      "email": "petar.kolev@example.com",
      "currentAmount": 120,
      "mustPaid": 120,
      "status": "paid",
      "method": "paypal",
      "paymentData": [
        {
          "date": "2025-08-10",
          "amount": 120
        }
      ]
    },
    {
      "id": 6,
      "date": "2025-08-15",
      "user": "Petar Kolev",
      "email": "petar.kolev@example.com",
      "currentAmount": 1790,
      "mustPaid": 1990,
      "status": "paid",
      "method": "paypal",
      "paymentData": [
        {
          "date": "2025-08-10",
          "amount": 120
        }
      ]
    },
    {
      "id": 7,
      "date": "2025-08-12",
      "user": "Petar Kolev",
      "email": "petar.kolev@example.com",
      "currentAmount": 920,
      "mustPaid": 1020,
      "status": "paid",
      "method": "paypal",
      "paymentData": [
        {
          "date": "2025-08-10",
          "amount": 120
        }
      ]
    },
    {
      "id": 11,
      "date": "2025-08-05",
      "user": "Georgi Ivanov",
      "email": "georgi.ivanov@example.com",
      "currentAmount": 300,
      "mustPaid": 300,
      "status": "paid",
      "method": "bank_transfer",
      "paymentData": [
        {
          "date": "2025-08-05",
          "amount": 300
        }
      ]
    }
  ]
}
